$__,$isNew,_doc
[object Object],false,[object Object]
[object Object],false,[object Object]
[object Object],false,[object Object]
[object Object],false,[object Object]
[object Object],false,[object Object]
[object Object],false,[object Object]
[object Object],false,[object Object]
[object Object],false,[object Object]
[object Object],false,[object Object]
[object Object],false,[object Object]
[object Object],false,[object Object]
[object Object],false,[object Object]
[object Object],false,[object Object]
[object Object],false,[object Object]
[object Object],false,[object Object]
[object Object],false,[object Object]
[object Object],false,[object Object]
[object Object],false,[object Object]
[object Object],false,[object Object]
[object Object],false,[object Object]